,trans_date_trans_time,cc_num,merchant,category,amt,first,last,gender,street,city,state,zip,lat,long,city_pop,job,dob,trans_num,unix_time,merch_lat,merch_long,is_fraud
0,1/1/2019 0:00,2.70E+15,"fraud_Rippin, Kub and Mann",misc_net,4.97,Jennifer,Banks,F,561 Perry Cove,Moravian Falls,NC,28654,36.0788,-81.1781,3495,"Psychologist, counselling",3/9/1988,0b242abb623afc578575680df30655b9,1325376018,36.011293,-82.048315,0
1,1/1/2019 0:00,6.30E+11,"fraud_Heller, Gutmann and Zieme",grocery_pos,107.23,Stephanie,Gill,F,43039 Riley Greens Suite 393,Orient,WA,99160,48.8878,-118.2105,149,Special educational needs teacher,6/21/1978,1f76529f8574734946361c461b024d99,1325376044,49.159047,-118.186462,0
2,1/1/2019 0:00,3.89E+13,fraud_Lind-Buckridge,entertainment,220.11,Edward,Sanchez,M,594 White Dale Suite 530,Malad City,ID,83252,42.1808,-112.262,4154,Nature conservation officer,1/19/1962,a1a22d70485983eac12b5b88dad1cf95,1325376051,43.150704,-112.154481,0
3,1/1/2019 0:01,3.53E+15,"fraud_Kutch, Hermiston and Farrell",gas_transport,45,Jeremy,White,M,9443 Cynthia Court Apt. 038,Boulder,MT,59632,46.2306,-112.1138,1939,Patent attorney,1/12/1967,6b849c168bdad6f867558c3793159a81,1325376076,47.034331,-112.561071,0
4,1/1/2019 0:03,3.76E+14,fraud_Keeling-Crist,misc_pos,41.96,Tyler,Garcia,M,408 Bradley Rest,Doe Hill,VA,24433,38.4207,-79.4629,99,Dance movement psychotherapist,3/28/1986,a41d7549acf90789359a9aa5346dcb46,1325376186,38.674999,-78.632459,0
5,1/1/2019 0:04,4.77E+15,"fraud_Stroman, Hudson and Erdman",gas_transport,94.63,Jennifer,Conner,F,4655 David Island,Dublin,PA,18917,40.375,-75.2045,2158,Transport planner,6/19/1961,189a841a0a8ba03058526bcfe566aab5,1325376248,40.653382,-76.152667,0
6,1/1/2019 0:04,3.01E+13,fraud_Rowe-Vandervort,grocery_net,44.54,Kelsey,Richards,F,889 Sarah Station Suite 624,Holcomb,KS,67851,37.9931,-100.9893,2691,Arboriculturist,8/16/1993,83ec1cc84142af6e2acf10c44949e720,1325376282,37.162705,-100.15337,0
7,1/1/2019 0:05,6.01E+15,fraud_Corwin-Collins,gas_transport,71.65,Steven,Williams,M,231 Flores Pass Suite 720,Edinburg,VA,22824,38.8432,-78.6003,6018,"Designer, multimedia",8/21/1947,6d294ed2cc447d2c71c7171a3d54967c,1325376308,38.948089,-78.540296,0
8,1/1/2019 0:05,4.92E+15,fraud_Herzog Ltd,misc_pos,4.27,Heather,Chase,F,6888 Hicks Stream Suite 954,Manor,PA,15665,40.3359,-79.6607,1472,Public affairs consultant,3/7/1941,fc28024ce480f8ef21a32d64c93a29f5,1325376318,40.351813,-79.958146,0
9,1/1/2019 0:06,2.72E+15,"fraud_Schoen, Kuphal and Nitzsche",grocery_pos,198.39,Melissa,Aguilar,F,21326 Taylor Squares Suite 708,Clarksville,TN,37040,36.522,-87.349,151785,Pathologist,3/28/1974,3b9014ea8fb80bd65de0b1463b00b00e,1325376361,37.179198,-87.485381,0
10,1/1/2019 0:06,4.64E+12,fraud_Rutherford-Mertz,grocery_pos,24.74,Eddie,Mendez,M,1831 Faith View Suite 653,Clarinda,IA,51632,40.7491,-95.038,7297,IT trainer,7/13/1990,d71c95ab6b7356dd74389d41df429c87,1325376383,40.275891,-96.011548,0
11,1/1/2019 0:06,3.77E+14,fraud_Kerluke-Abshire,shopping_net,7.77,Theresa,Blackwell,F,43576 Kristina Islands,Shenandoah Junction,WV,25442,39.3716,-77.8229,1925,Systems developer,2/14/1966,3c74776e558f1499a7824b556e474b1d,1325376413,40.103866,-78.624459,0
12,1/1/2019 0:06,1.80E+14,fraud_Lockman Ltd,grocery_pos,71.22,Charles,Robles,M,3337 Lisa Divide,Saint Petersburg,FL,33710,27.7898,-82.7243,341043,"Engineer, land",2/28/1989,c1d9a7ddb1e34639fe82758de97f4abf,1325376416,27.630593,-82.308891,0
13,1/1/2019 0:07,5.56E+15,fraud_Kiehn Inc,grocery_pos,96.29,Jack,Hill,M,5916 Susan Bridge Apt. 939,Grenada,CA,96038,41.6125,-122.5258,589,Systems analyst,12/21/1945,413636e759663f264aae1819a4d4f231,1325376447,41.65752,-122.230347,0
14,1/1/2019 0:09,3.51E+15,fraud_Beier-Hyatt,shopping_pos,7.77,Christopher,Castaneda,M,1632 Cohen Drive Suite 639,High Rolls Mountain Park,NM,88325,32.9396,-105.8189,899,Naval architect,8/30/1967,8a6293af5ed278dea14448ded2685fea,1325376543,32.863258,-106.520205,0
15,1/1/2019 0:09,6.01E+15,fraud_Schmidt and Sons,shopping_net,3.26,Ronald,Carson,M,870 Rocha Drive,Harrington Park,NJ,7640,40.9918,-73.98,4664,"Radiographer, diagnostic",6/30/1965,baae0b096835c975857eea7e28dde3dc,1325376560,41.831174,-74.335559,0
16,1/1/2019 0:10,6.01E+15,fraud_Lebsack and Sons,misc_net,327,Lisa,Mendez,F,44259 Beth Station Suite 215,Lahoma,OK,73754,36.385,-98.0727,1078,"Programme researcher, broadcasting/film/video",7/6/1952,991c04803b4d4eeab30d6245a872e3d3,1325376649,36.384092,-99.048472,0
17,1/1/2019 0:10,3.57E+15,fraud_Mayert Group,shopping_pos,341.67,Nathan,Thomas,M,4923 Campbell Pines Suite 717,Carlisle,IN,47838,38.9763,-87.3667,4081,Energy engineer,3/15/1938,f12cf52be2175703db789a4644c32f25,1325376658,38.674491,-88.305767,0
18,1/1/2019 0:11,2.35E+15,"fraud_Konopelski, Schneider and Hartmann",food_dining,63.07,Justin,Gay,M,268 Hayes Rue Suite 811,Harborcreek,PA,16421,42.1767,-79.9416,2518,Event organiser,2/2/1946,8500f3d459047eac8443307b1e8296e5,1325376674,41.430274,-79.492553,0
19,1/1/2019 0:12,4.96E+18,"fraud_Schultz, Simonis and Little",grocery_pos,44.71,Kenneth,Robinson,M,269 Sanchez Rapids,Elizabeth,NJ,7208,40.6747,-74.2239,124967,Operational researcher,12/21/1980,09eff9c806365e2a6be12c1bbab3d70e,1325376754,40.079588,-74.848087,0
20,1/1/2019 0:13,4.47E+18,fraud_Bauch-Raynor,grocery_pos,57.34,Gregory,Graham,M,4005 Dana Glens,Methuen,MA,1844,42.728,-71.181,47249,Market researcher,11/22/1980,139a1bee15be607d79fe173bfcb2502a,1325376788,42.26876,-71.217297,0
21,1/1/2019 0:14,2.31E+15,fraud_Harris Inc,gas_transport,50.79,Jeffrey,Rice,M,21447 Powell Circle,Moulton,IA,52572,40.6866,-92.6833,1132,Probation officer,2/14/1961,b9c4615bec3561c8e83b0c1d6c7028e2,1325376877,40.18893,-91.955115,0
22,1/1/2019 0:17,1.80E+14,fraud_Kling-Grant,grocery_net,46.28,Mary,Wall,F,2481 Mills Lock,Plainfield,NJ,7060,40.6152,-74.415,71485,Leisure centre manager,7/19/1974,19e23c6a300c774354417befe4f31f8c,1325377036,40.021888,-74.228188,0
23,1/1/2019 0:17,6.30E+11,fraud_Pacocha-Bauch,shopping_pos,9.55,Susan,Washington,F,759 Erin Mount Suite 956,May,TX,76857,31.9571,-98.9656,1791,Corporate investment banker,7/26/1965,c4b4daebab8be54cadde4b941244ca53,1325377060,31.62635,-98.610225,0
24,1/1/2019 0:18,4.43E+18,fraud_Lesch Ltd,shopping_pos,22.95,Richard,Waters,M,7683 Natasha Way Apt. 945,Waukesha,WI,53186,42.9993,-88.2196,95015,"Therapist, occupational",1/2/1946,d2432bfeabf142dc1bae1d426e32aecc,1325377086,43.375041,-89.055065,0
25,1/1/2019 0:18,3.43E+14,fraud_Kunde-Sanford,misc_net,2.55,Jodi,Foster,F,551 Zachary Freeway,Bailey,NC,27807,35.8072,-78.0892,6629,Call centre manager,8/13/1962,abe0676c18f34fa305b113fa762e29b5,1325377087,36.74987,-78.67787,0
26,1/1/2019 0:20,3.75E+14,fraud_Deckow-O'Conner,grocery_pos,64.09,Daniel,Escobar,M,61390 Hayes Port,Romulus,MI,48174,42.2203,-83.3583,31515,Police officer,11/5/1971,6f363661ba6b55889e488dd178f2a0af,1325377215,42.360426,-83.552316,0
27,1/1/2019 0:21,4.33E+15,fraud_Bruen-Yost,misc_pos,6.85,Scott,Martin,M,7483 Navarro Flats,Freedom,WY,83120,43.0172,-111.0292,471,"Education officer, museum",8/2/1967,f3c43d336e92a44fc2fb67058d5949e3,1325377292,43.753735,-111.454923,0
28,1/1/2019 0:22,4.23E+18,fraud_Kunze Inc,grocery_pos,90.22,Brian,Simpson,M,2711 Duran Pines,Honokaa,HI,96727,20.0827,-155.488,4878,Physiotherapist,12/3/1966,95826e3caa9e0b905294c6dae985aec1,1325377326,19.560013,-156.045889,0
29,1/1/2019 0:22,4.26E+15,"fraud_Nitzsche, Kessler and Wolff",shopping_pos,4.02,Aaron,Rogers,M,969 Huerta Path Apt. 270,Valentine,NE,69201,42.8062,-100.6215,4005,Network engineer,3/15/1945,20490f3f0966ce74b4aaba8dc2c4ed52,1325377338,42.47559,-101.265846,0
30,1/1/2019 0:22,1.80E+14,"fraud_Kihn, Abernathy and Douglas",shopping_net,3.66,Tammie,Harper,F,57887 Gutierrez Harbor,Westfir,OR,97492,43.7575,-122.481,597,Forensic psychologist,5/19/1961,870c92b288a974a2faf1f24b05c27e33,1325377356,44.278191,-121.815161,0
31,1/1/2019 0:22,4.60E+18,"fraud_Heller, Gutmann and Zieme",grocery_pos,82.8,Mary,Myers,F,39787 Pamela Fall Suite 639,Tiptonville,TN,38079,36.3846,-89.4649,5577,Geochemist,12/30/1964,cb598ec00d349dc95e7b3c18de5ae800,1325377359,36.294205,-89.811282,0
32,1/1/2019 0:22,6.30E+11,fraud_Torphy-Goyette,shopping_pos,66.21,Heather,Stanton,F,445 Jerry Lights Apt. 081,Republic,MI,49879,46.368,-87.9938,1038,Armed forces training and education officer,4/22/1964,20f048d3907dbb9978e23bee7b7578ce,1325377364,46.412038,-88.516663,0
33,1/1/2019 0:23,2.71E+15,fraud_Balistreri-Nader,misc_pos,25.58,Jenna,Brooks,F,50872 Alex Plain Suite 088,Baton Rouge,LA,70808,30.4066,-91.1468,378909,"Designer, furniture",2/22/1977,1654da2abfb9e79a5f99167fc9779558,1325377421,29.737426,-90.853194,0
34,1/1/2019 0:23,3.74E+14,"fraud_Bahringer, Schoen and Corkery",shopping_pos,9.03,Christopher,Gilbert,M,20937 Reed Lakes Apt. 271,Washington,DC,20012,38.9757,-77.0282,601723,"Optician, dispensing",7/20/1970,c733711c521c41c578f4a964d8350df0,1325377438,38.880898,-76.441116,0
35,1/1/2019 0:25,3.50E+14,fraud_Hudson-Ratke,grocery_pos,99,Xavier,Beltran,M,61107 Edwards Dam Apt. 463,Big Creek,KY,40914,37.1046,-83.5706,467,"Psychologist, forensic",6/4/1984,7e2f9596cb3a3595ece15611ee338e5c,1325377546,36.823545,-83.90104,0
36,1/1/2019 0:26,3.60E+15,fraud_Heidenreich PLC,grocery_pos,207.36,Ashley,Lopez,F,9333 Valentine Point,Bellmore,NY,11710,40.6729,-73.5365,34496,"Librarian, public",10/21/1970,f246ac27c09429ff1e385d4683c79c4d,1325377582,40.202538,-73.859212,0
37,1/1/2019 0:27,2.13E+14,fraud_Halvorson Group,misc_pos,181.35,Margaret,Curtis,F,742 Oneill Shore,Florence,MS,39073,32.153,-90.1217,19685,Fine artist,12/24/1984,7bb25a43205191eb7344282b88fc54d3,1325377665,31.939812,-90.726209,0
38,1/1/2019 0:27,3.06E+13,fraud_Harber Inc,gas_transport,82.22,Gina,Morrison,F,41851 Victor Drives Suite 219,Allentown,PA,18103,40.5891,-75.4645,166081,"Scientist, research (maths)",10/1/1998,61bcb858dd5c8e2d0d46d02b4fa0bf8e,1325377676,40.586238,-75.802249,0
39,1/1/2019 0:29,4.79E+15,"fraud_Mosciski, Gislason and Mertz",grocery_pos,221.81,Dorothy,Zuniga,F,77321 Ford Via,Moriches,NY,11955,40.8095,-72.8229,3285,"Research officer, trade union",4/27/1988,a8394c3e555166ce2f90eee628bd9ade,1325377751,40.011959,-72.594808,0
40,1/1/2019 0:30,6.76E+11,"fraud_Christiansen, Goyette and Schamberger",gas_transport,53.6,Vicki,Mendoza,F,3645 Atkins Island Apt. 238,Esbon,KS,66941,39.7562,-98.4462,242,Tourism officer,7/18/1987,f1566e9623814dd277dfa2a9bf83ea36,1325377849,40.332519,-99.062962,0
41,1/1/2019 0:31,3.00E+13,fraud_Howe Ltd,misc_pos,54.02,Lisa,Garcia,F,213 Gill Expressway,Chatham,NY,12037,42.3496,-73.5873,4015,Human resources officer,10/14/1971,8d11abad6bc3501f9994f061e3a5b730,1325377861,42.041783,-73.076424,0
42,1/1/2019 0:31,4.64E+15,fraud_Ledner-Pfannerstill,gas_transport,102.13,Sabrina,Johnson,F,320 Nicholson Orchard,Thompson,UT,84540,38.9999,-109.615,46,"Surveyor, minerals",4/23/1987,47238da5b40d126c8abea40a857c7809,1325377911,39.807313,-109.348294,0
43,1/1/2019 0:32,3.01E+13,fraud_Lockman Ltd,grocery_pos,212.75,Kelsey,Richards,F,889 Sarah Station Suite 624,Holcomb,KS,67851,37.9931,-100.9893,2691,Arboriculturist,8/16/1993,d9dcde500bed2cad48ee41e44c362596,1325377935,38.862183,-101.234087,0
44,1/1/2019 0:32,1.80E+14,fraud_Koepp-Witting,grocery_pos,130.4,Mary,Juarez,F,35440 Ryan Islands,North Prairie,WI,53153,42.9385,-88.395,2328,Applications developer,1/6/1942,14a6e29ac65424550ea7e7c9f551dbb8,1325377935,42.236269,-88.397336,0
45,1/1/2019 0:32,2.13E+14,fraud_Doyle Ltd,grocery_pos,91.16,Christopher,Luna,M,242 Brian Mountain,Laredo,TX,78040,27.5155,-99.4986,248858,Video editor,1/28/1971,685bcca9eb5ce554134d7242d564ecc9,1325377967,27.588953,-99.816911,0
46,1/1/2019 0:33,2.27E+15,"fraud_Schaefer, Maggio and Daugherty",gas_transport,55.78,Carlos,Chung,M,8957 Russell Key,Grant,AL,35747,34.4959,-86.259,5901,Curator,7/25/1972,392529cae1f1f1647093732a8f319c50,1325378031,35.255978,-86.041872,0
47,1/1/2019 0:34,3.55E+15,fraud_Stracke-Lemke,grocery_pos,83.07,Sharon,Johnson,F,7202 Jeffrey Mills,Conway,WA,98238,48.34,-122.3456,85,"Research officer, political party",9/1/1984,9b7a0619dcc5c572dc134f2827ed5a6b,1325378050,48.682111,-122.719904,0
48,1/1/2019 0:36,3.51E+15,"fraud_Mosciski, Ziemann and Farrell",shopping_net,4.38,Briana,Santos,F,702 Tabitha Drive,New Goshen,IN,47863,39.5803,-87.4616,205,"Engineer, mining",1/6/1960,f1e1ad954f49955c37b45eb71b2d1642,1325378172,39.681736,-88.323862,0
49,1/1/2019 0:36,4.11E+18,fraud_Cartwright-Harris,grocery_pos,130.89,Sandra,Schwartz,F,3789 Mark Walks,Sunflower,MS,38778,33.5567,-90.5451,1686,"Education officer, community",11/6/1986,e02fd7d82af517718f83a3f05077d435,1325378218,33.595647,-90.234118,0
50,1/1/2019 0:37,4.27E+15,fraud_Pacocha-O'Reilly,grocery_pos,103,Christine,Best,F,68248 Deanna Land,Enola,AR,72047,35.2087,-92.2123,969,"Physicist, medical",1/5/1954,289789e617eece42a9cafe36680b1b69,1325378238,35.034285,-92.34301,0
51,1/1/2019 0:39,3.58E+15,fraud_Pfeffer LLC,grocery_net,50.82,Beth,Lambert,F,6447 Johnson Estates Apt. 986,Roosevelt,OK,73564,34.847,-98.9836,551,Amenity horticulturist,9/27/1970,64a6d4be2510d764cbd869cd2a57a4fd,1325378362,34.852665,-98.90267,0
52,1/1/2019 0:39,2.13E+14,fraud_Huels-Hahn,gas_transport,60.77,James,Hunt,M,7369 Gabriel Tunnel,Pointe Aux Pins,MI,49775,45.7549,-84.447,95,Electrical engineer,2/9/1994,211c26efcb0ed5e87d4700daee23e070,1325378377,45.323099,-85.116543,0
53,1/1/2019 0:39,60495593109,fraud_Volkman PLC,food_dining,122.86,Randall,Dillon,M,4440 George Mills Suite 591,Dallas,TX,75210,32.7699,-96.743,1263321,Television camera operator,11/24/1942,7d68e49b63d845b808108fcd41c15877,1325378383,32.282224,-97.46183,0
54,1/1/2019 0:40,4.73E+18,fraud_Kiehn-Emmerich,grocery_pos,212.45,Elizabeth,Mckee,F,358 Pruitt Square,Jay,FL,32565,30.8985,-87.1332,5719,Higher education careers adviser,11/5/1994,88fde595524ba43924f36bd397b86413,1325378444,31.414174,-87.138632,0
55,1/1/2019 0:40,3.04E+13,fraud_Kemmer-Buckridge,misc_pos,7.33,Savannah,Lewis,F,537 Walker Freeway,North Tonawanda,NY,14120,43.0498,-78.851,45100,Ambulance person,10/25/1993,01620e8ae84989a6f95581855e49da99,1325378448,43.1763,-77.901777,0
56,1/1/2019 0:40,2.13E+14,fraud_Cummerata-Jones,gas_transport,70.53,Shawn,King,M,31493 Garcia Summit,Athena,OR,97813,45.8289,-118.4971,1302,Dealer,10/18/1976,7b91bd200c11c5cd24b43694e12b5bbc,1325378450,46.043252,-117.962133,0
57,1/1/2019 0:40,2.36E+15,"fraud_Goldner, Kovacek and Abbott",grocery_pos,58.26,Benjamin,Harris,M,0881 Lori Pines,Chester,MD,21619,38.9583,-76.2842,5848,Paediatric nurse,2/15/1981,d94f89d7360cd6bade6cf1b73d003e8f,1325378458,39.240962,-76.712732,0
58,1/1/2019 0:41,3.57E+15,fraud_Spinka-Welch,grocery_net,50.45,Thomas,Cross,M,7566 Thompson Creek Apt. 827,Elkhart,IA,50073,41.8114,-93.4855,1195,Trading standards officer,3/13/1974,16e0d3920a0e896a70fa54e7162165c0,1325378503,41.776673,-93.350689,0
59,1/1/2019 0:41,4.64E+15,fraud_Huel-Langworth,misc_net,177.57,Sabrina,Johnson,F,320 Nicholson Orchard,Thompson,UT,84540,38.9999,-109.615,46,"Surveyor, minerals",4/23/1987,048dc7fc7ae8efd51f59f7176e6a8bd7,1325378505,38.419431,-109.380252,0
60,1/1/2019 0:42,4.51E+15,fraud_Macejkovic-Lesch,shopping_pos,8.57,Margaret,Williams,F,165 Jerry Meadows Suite 460,Surrency,GA,31563,31.6489,-82.1982,1324,"Engineer, technical sales",7/12/1926,70ed1a189a6bce479e564b120f2379d9,1325378546,32.023302,-82.58345,0
61,1/1/2019 0:43,3.55E+15,fraud_Corwin-Collins,gas_transport,56.66,Jerry,Robinson,M,212 Mary Stream,Arcadia,MI,49613,44.5232,-86.2061,680,"Designer, jewellery",12/21/1966,144d8b04f90eb30e8df105a091212d99,1325378618,44.00529,-86.25199,0
62,1/1/2019 0:44,4.43E+15,fraud_Morar Inc,grocery_net,75.34,Linda,Davis,F,493 Todd Views,Gaithersburg,MD,20882,39.2335,-77.1458,135332,Clinical biochemist,3/28/1936,d6b7e57ba04fbb046f93a87301e493cb,1325378660,38.817293,-77.833468,0
63,1/1/2019 0:44,2.72E+15,"fraud_Eichmann, Bogan and Rodriguez",gas_transport,62.54,Mark,Wood,M,854 Walker Dale Suite 488,Bowdoin,ME,4287,44.0575,-69.9656,3224,"Engineer, electronics",8/22/1997,2eb55ba0572d67a64baaa8c463878d8c,1325378683,43.585423,-70.449359,0
64,1/1/2019 0:45,4.72E+15,"fraud_Huel, Hammes and Witting",grocery_pos,92.84,Lauren,Anderson,F,11014 Chad Lake Apt. 573,Heart Butte,MT,59448,48.2777,-112.8456,743,Water engineer,5/4/1972,985ebf94aa7a3beeb927d07f77f0354c,1325378713,49.080153,-113.53238,0
65,1/1/2019 0:46,3.54E+15,"fraud_Ferry, Lynch and Kautzer",misc_net,2.76,Michelle,Juarez,F,44864 Melton Vista Suite 310,San Jose,CA,95148,37.3304,-121.7913,973849,Science writer,6/12/1955,70ca7fe41f09770d724a027152dcb9f0,1325378778,37.548452,-121.536454,0
66,1/1/2019 0:47,3.53E+15,fraud_Heathcote LLC,shopping_net,101.35,Christopher,Choi,M,04611 Sandra Spring Suite 059,Rumely,MI,49826,46.3481,-87.0436,137,Film/video editor,8/13/1990,dab9571cce549056d3c6fedc525ccf23,1325378875,46.796891,-86.331091,0
67,1/1/2019 0:48,4.71E+15,fraud_Huel-Langworth,misc_net,303.47,Susan,Shah,F,9016 Jordan Bypass Apt. 516,Cranks,KY,40820,36.7558,-83.1838,581,"Psychologist, counselling",2/4/1967,cdb332a151bdd568d98837b9e19043b8,1325378889,36.394203,-82.514283,0
68,1/1/2019 0:49,4.67E+18,"fraud_Little, Gutmann and Lynch",shopping_net,83.52,Guy,Thompson,M,5812 Ramos Oval Suite 598,Ravenna,NE,68869,41.0233,-98.9041,2202,"Solicitor, Scotland",6/21/1974,5f7aafc802c8acb5924041bca310040f,1325378965,40.992141,-98.831582,0
69,1/1/2019 0:49,2.25E+15,fraud_Torphy-Goyette,shopping_pos,9.97,Jacob,Weber,M,29156 Mark Park Apt. 108,Utica,KS,67584,38.6411,-100.138,269,Product/process development scientist,11/11/1962,22be5ae91a9497c54279abdb4b25210d,1325378971,38.075226,-99.138453,0
70,1/1/2019 0:50,4.51E+18,fraud_Jaskolski-Dibbert,grocery_net,16.16,Monica,Cohen,F,864 Reynolds Plains,Uledi,PA,15484,39.8936,-79.7856,328,Tree surgeon,7/25/1983,514a1b5251ca91aeab8994cf6253f04b,1325379053,39.222743,-78.839099,0
71,1/1/2019 0:52,3.50E+15,fraud_Hackett-Lueilwitz,grocery_pos,59.56,Frank,Anderson,M,0611 Stafford Valley Suite 504,Naples,FL,34112,26.1184,-81.7361,276002,"Programme researcher, broadcasting/film/video",1/2/1979,e922037de4ac8a6bec29be758e4ce195,1325379177,25.801181,-82.351291,0
72,1/1/2019 0:55,3.03E+13,fraud_Cummings LLC,gas_transport,57.23,Andrew,Patterson,M,06959 Stephen Branch Suite 246,Thida,AR,72165,35.5762,-91.4539,111,Careers information officer,6/13/2000,044fca5318d0550ed661b507b216f83c,1325379305,36.144895,-92.188172,0
73,1/1/2019 0:56,3.56E+15,"fraud_Swaniawski, Lowe and Robel",shopping_pos,317.14,Christopher,Holt,M,05597 Michael Spurs,Parks,AZ,86018,35.2563,-111.95,759,"Geologist, engineering",3/28/1957,3fe3286b0ea3f8c8857ec2e3da17b853,1325379372,35.268124,-112.682895,0
74,1/1/2019 0:56,3.05E+13,"fraud_Osinski, Ledner and Leuschke",grocery_pos,127.88,Stephanie,Crane,F,144 Martinez Curve,Central,IN,47110,38.097,-86.1723,350,Counsellor,1/5/1955,02384110799958e20345759c49a8910b,1325379404,38.860981,-86.773396,0
75,1/1/2019 0:56,5.71E+11,"fraud_Reichert, Huels and Hoppe",shopping_net,113.4,Louis,Fisher,M,45654 Hess Rest,Fort Washakie,WY,82514,43.0048,-108.8964,1645,Freight forwarder,2/26/1976,9d660a18154a3ba5fe869f373c6f819c,1325379419,42.868965,-108.50335,0
76,1/1/2019 0:57,3.78E+14,fraud_Ankunding LLC,shopping_net,94.53,Christopher,Matthews,M,433 John Heights Apt. 849,Etlan,VA,22719,38.5095,-78.2638,395,Senior tax professional/tax inspector,1/7/1982,d513918bedeff433054b9384483bd79c,1325379437,37.84676,-79.262334,0
77,1/1/2019 0:57,3.41E+14,fraud_Pfeffer and Sons,shopping_pos,1.82,Mario,Johns,M,62130 Miller Square Suite 785,Brinson,GA,39825,30.9788,-84.7373,1461,"Engineer, broadcasting (operations)",9/8/1935,35dd52e536ac27feca9d33ad8426f579,1325379450,31.973466,-84.244731,0
78,1/1/2019 0:58,4.48E+12,"fraud_Greenholt, Jacobi and Gleason",gas_transport,75.77,Frank,Foster,M,37910 Ward Lights,Shrewsbury,MA,1545,42.2848,-71.7205,35299,English as a second language teacher,4/30/1975,1240cd77c20744f96aa5e6a5cf9b1fcf,1325379482,42.889256,-71.888107,0
79,1/1/2019 0:58,4.69E+12,fraud_Kunze Inc,grocery_pos,108.59,Sarah,Cross,F,273 Phillip Throughway,Bigelow,MN,56117,43.5336,-95.6515,399,Economist,4/28/1977,c7398ef8cebfefee82e590d473cf538b,1325379533,44.51103,-95.934394,0
80,1/1/2019 0:59,5.46E+15,fraud_Harris Inc,gas_transport,48.68,Taylor,Khan,F,658 Diane Glen Apt. 677,North Washington,PA,16048,41.0472,-79.8089,139,Patent attorney,5/25/1954,673b35c970ef05a2acceb2af42f919d7,1325379565,40.237898,-79.894073,0
81,1/1/2019 1:00,4.98E+12,"fraud_Connelly, Reichert and Fritsch",gas_transport,72.35,Joseph,Spencer,M,7854 Stephanie Island Suite 788,Holloway,OH,43985,40.0113,-80.9701,128,Child psychotherapist,4/3/1946,cfe0948d7b26c9fef58e59a9bf41d3e5,1325379619,39.308098,-81.698525,0
82,1/1/2019 1:00,6.01E+15,fraud_Howe Ltd,misc_pos,218.71,Erin,Chavez,F,3379 Williams Common,Littleton,CO,80120,39.5994,-105.0044,320420,Water engineer,7/31/1975,43204045928cb3449edc63078a75b48c,1325379648,39.335171,-104.102882,0
83,1/1/2019 1:01,6.53E+15,fraud_Torp-Labadie,gas_transport,52.59,Christine,Harris,F,29606 Martinez Views Suite 653,Hinesburg,VT,5461,44.3346,-73.098,4542,Claims inspector/assessor,3/19/1998,2686067ebeee0aa355a750faf309384e,1325379708,45.084808,-73.626071,0
84,1/1/2019 1:02,3.76E+14,fraud_Wolf Inc,grocery_pos,89.11,Aaron,Murray,M,624 Hale Springs Apt. 572,Meadville,MO,64659,39.7795,-93.3014,964,Tourist information centre manager,12/23/1974,1cb03ad950bab1ca74b02500644ec1ba,1325379736,40.773306,-92.821257,0
85,1/1/2019 1:02,5.71E+11,fraud_VonRueden Group,grocery_net,89.35,Barbara,Taylor,F,0069 Robin Brooks Apt. 695,Elberta,MI,49628,44.5995,-86.2141,372,"Exhibitions officer, museum/gallery",7/12/1995,bce01a6ae8b8c6227cd4f1de751c017c,1325379773,44.630758,-87.123894,0
86,1/1/2019 1:04,3.52E+15,fraud_Vandervort-Funk,grocery_pos,50.68,Antonio,Koch,M,8738 Richard Brooks,Moab,UT,84532,38.5677,-109.5271,9772,Location manager,11/24/1989,61861370b5c31b9c00fd949124944d7a,1325379888,38.482541,-108.853856,0
87,1/1/2019 1:06,5.46E+15,fraud_Bernhard Inc,gas_transport,64.47,Taylor,Khan,F,658 Diane Glen Apt. 677,North Washington,PA,16048,41.0472,-79.8089,139,Patent attorney,5/25/1954,93953aab1a46beb5d65c8ab368a3f860,1325379966,40.068764,-79.826882,0
88,1/1/2019 1:06,3.58E+15,"fraud_Morissette, Weber and Wiegand",grocery_net,63.58,Debbie,Hughes,F,0182 Owens Burgs Suite 480,Diamond,OH,44412,41.0935,-81.0425,2644,"Engineer, biomedical",8/25/1983,0189da32192f942196b01f50bcebeac8,1325379982,41.8136,-81.23077,0
89,1/1/2019 1:08,2.13E+14,fraud_Brekke and Sons,gas_transport,81.85,Ana,Howell,F,4664 Sanchez Common Suite 930,Bradley,SC,29819,34.0326,-82.2027,1523,Research scientist (physical sciences),6/3/1984,4e2abdbd30c0353eeddf16650e1fc46b,1325380111,33.828473,-81.642924,0
90,1/1/2019 1:09,3.59E+15,fraud_Mraz-Herzog,gas_transport,59.7,Ashley,Robinson,F,1007 Colton Forks,Hopewell,VA,23860,37.2876,-77.295,31970,Purchasing manager,8/15/1935,9431e17d0ed2ec210587c4085d4c6887,1325380162,36.962777,-77.640054,0
91,1/1/2019 1:09,4.68E+15,fraud_Ledner-Pfannerstill,gas_transport,90.54,Charles,Carrillo,M,17547 Stephen Turnpike Apt. 846,Hawthorne,CA,90250,33.9143,-118.3493,93193,"Editor, magazine features",4/19/1995,295b782f9fa48f76f508179ec6412f9d,1325380181,32.990285,-117.836803,0
92,1/1/2019 1:09,3.50E+15,fraud_Padberg-Welch,grocery_pos,50.57,Scott,Martin,M,31472 Cody Place Suite 740,Kensington,MD,20895,39.0298,-77.0793,19054,Operations geologist,9/8/1976,0cf233c92827db6083d311379ad67d46,1325380197,38.394608,-76.437916,0
93,1/1/2019 1:09,1.80E+14,"fraud_Rippin, Kub and Mann",misc_net,3.79,Mary,Wall,F,2481 Mills Lock,Plainfield,NJ,7060,40.6152,-74.415,71485,Leisure centre manager,7/19/1974,7c63dd07b14aac7dc99f4587d83dd599,1325380197,40.813669,-75.283465,0
94,1/1/2019 1:10,6.51E+15,fraud_Kutch-Hegmann,grocery_net,54.54,Robert,Nguyen,M,74835 Garner Point,Ruth,NV,89319,39.3426,-114.8859,450,Interpreter,8/24/1946,2d441ff99c98107300207fdfc6dc71f0,1325380216,38.69322,-115.87599,0
95,1/1/2019 1:11,4.20E+12,fraud_Corwin-Gorczany,misc_net,3.35,Christie,Williamson,F,519 Jerry Views,Avoca,IA,51521,41.4768,-95.3509,2036,Engineering geologist,8/20/1971,054e43b7ffbe6f2315c2ef123f2da0c0,1325380262,41.907592,-95.809232,0
96,1/1/2019 1:14,4.42E+15,fraud_Huels-Nolan,gas_transport,50.61,Christopher,Ortega,M,5045 Emily Wall,Princeton,IA,52768,41.6858,-90.3706,1426,Agricultural consultant,3/6/1957,a76f5e9735622f062eb663f06c169a94,1325380451,41.027284,-89.416172,0
97,1/1/2019 1:14,3.52E+15,fraud_Jaskolski-Dibbert,grocery_net,50.74,Barbara,Lowe,F,67210 Lori Creek,Sherman,TX,75092,33.6372,-96.6184,46563,Systems developer,9/11/1970,8ba96beff66354e33f9fe96051a9a4a3,1325380451,34.266941,-96.709668,0
98,1/1/2019 1:14,6.59E+15,fraud_DuBuque LLC,grocery_pos,186.73,Melissa,Meza,F,244 Abbott Parkway,Loxahatchee,FL,33470,26.7383,-80.276,26551,Paramedic,1/4/1977,73e0bef38dd11227990b0e4e466d3706,1325380495,27.610009,-79.49811,0
99,1/1/2019 1:15,6.01E+15,fraud_Kutch-Hegmann,grocery_net,39.95,Gary,Barnes,M,2970 Flores Brooks,Smackover,AR,71762,33.3398,-92.7442,2501,Financial adviser,6/11/1986,f487762b6cebc5a18abcfcb90b644c01,1325380501,33.651123,-91.902918,0
100,1/1/2019 1:16,6.59E+15,fraud_Brekke and Sons,gas_transport,55.18,Melissa,Meza,F,244 Abbott Parkway,Loxahatchee,FL,33470,26.7383,-80.276,26551,Paramedic,1/4/1977,3c6158c556727d527f8b51cc03b30236,1325380612,27.346033,-80.475563,0
101,1/1/2019 1:17,4.15E+15,"fraud_Mosciski, Gislason and Mertz",grocery_pos,92.99,Tanner,Carroll,M,494 Burke Ports,Cokeburg,PA,15324,40.1008,-80.0652,632,Dealer,4/8/1989,82a8fce947e7d34e5bcf45fd9fe9f42d,1325380664,40.706082,-80.366274,0
102,1/1/2019 1:18,6.39E+11,fraud_Schmeler Inc,misc_pos,43.02,Dylan,Bonilla,M,2497 John Motorway Suite 922,Leetsdale,PA,15056,40.5662,-80.2099,1140,"Administrator, education",6/20/1986,d326f783a50d8654a38831c8ab97bee8,1325380690,41.419964,-79.957263,0
103,1/1/2019 1:19,2.24E+15,"fraud_Schaefer, McGlynn and Bosco",gas_transport,51.33,Melissa,Mcclure,F,2027 Snyder Track,Manville,WY,82227,42.73,-104.7024,241,Educational psychologist,12/16/1980,a8af4c635415817aaeea5cbbe380e010,1325380742,42.508248,-105.34481,0
104,1/1/2019 1:19,5.10E+15,fraud_Williamson LLC,misc_pos,47.85,Regina,Johnston,F,641 Steven Mall Apt. 299,Westhampton Beach,NY,11978,40.8295,-72.6473,3255,Financial trader,7/8/1978,dd8b591a334c3fc2f2b3d575bb25d3a5,1325380753,40.712685,-72.124522,0
105,1/1/2019 1:20,1.80E+14,fraud_Pouros-Conroy,shopping_pos,9.23,Mary,Schmidt,F,022 Moore Island,New York City,NY,10162,40.7699,-73.9511,1577385,Audiological scientist,12/29/1957,bcba3232a5192f63bb055c14f71542a7,1325380850,41.395142,-74.887524,0
106,1/1/2019 1:21,4.13E+15,fraud_Erdman-Kertzmann,gas_transport,80.36,Cheryl,Ballard,F,248 James Squares Apt. 838,Halstad,MN,56548,47.3551,-96.798,771,"Scientist, audiological",6/14/1972,9088a967b5eba8188e88a447225a5a0b,1325380910,46.60956,-96.630804,0
107,1/1/2019 1:22,4.02E+18,fraud_Kuhn LLC,misc_net,6.36,Katherine,Love,F,5884 Sandoval Square Apt. 371,Allenhurst,NJ,7711,40.2367,-74.0067,1533,"Administrator, charities/voluntary organisations",4/15/1935,99b8d1e83b17dad071aedb850c3a8da9,1325380934,39.926556,-73.774415,0
108,1/1/2019 1:22,4.47E+15,fraud_Fisher-Schowalter,shopping_net,226.33,Matthew,Russell,M,168 Michael Coves Suite 343,June Lake,CA,93529,37.7773,-119.0825,633,Health service manager,9/9/1927,208e003f309f9db37b3c40ddc9271908,1325380976,36.819789,-119.670559,0
109,1/1/2019 1:23,3.04E+13,fraud_Medhurst PLC,shopping_net,215.99,Cynthia,Davis,F,7177 Steven Forges,Sixes,OR,97476,42.825,-124.4409,217,Retail merchandiser,10/1/1928,e13482d8e24ed41362ff84bb9f100623,1325380980,42.988724,-123.904978,0
110,1/1/2019 1:23,3.49E+14,fraud_Kerluke Inc,misc_net,1.47,Megan,Murphy,F,53696 Laura Radial,Holstein,NE,68950,40.4542,-98.6538,331,Telecommunications researcher,8/19/1950,6569a85a160476c677bf9a4c2da40cfd,1325380997,41.14486,-99.38762,0
111,1/1/2019 1:23,1.80E+14,fraud_Stark-Batz,entertainment,5.83,Brianna,Page,F,0043 Henry Plaza,Brantley,AL,36009,31.571,-86.2743,2566,Exercise physiologist,6/26/1958,14eb123e2dc9745d0ca4c87a5469ffe4,1325381006,31.798954,-86.213243,0
112,1/1/2019 1:23,2.26E+15,"fraud_Gottlieb, Considine and Schultz",shopping_net,51.04,Monique,Fox,F,755 Gardner Heights Apt. 420,Paxton,MA,1612,42.3066,-71.9202,4845,Accounting technician,9/14/1926,32b073ebd568a36b9720f92882a0ac04,1325381018,41.948237,-71.668538,0
113,1/1/2019 1:23,4.98E+15,fraud_Bauch-Raynor,grocery_pos,122.05,Kelly,Zimmerman,F,1893 Katie Tunnel,Westerville,NE,68881,41.4193,-99.3844,73,Product designer,2/10/1935,d83aa7370cef2c7a209118f313d0b360,1325381030,41.609064,-99.650276,0
114,1/1/2019 1:25,3.76E+14,"fraud_Adams, Kovacek and Kuhlman",grocery_net,106.19,Christopher,Patterson,M,16744 Campbell Wall Apt. 372,Timberville,VA,22853,38.6476,-78.7717,4367,Waste management officer,4/12/1962,1d088cdb9fa62ea5cbd482110abaedf0,1325381126,38.336898,-79.568795,0
115,1/1/2019 1:26,6.01E+15,"fraud_Huel, Hammes and Witting",grocery_pos,129.09,Jacqueline,Marsh,F,950 Sheryl Spurs,Dunlevy,PA,15432,40.1151,-79.8627,427,Mining engineer,2/5/1951,d97964d0b996ba0d0dbf2aae5f558dcd,1325381163,40.92927,-79.548333,0
116,1/1/2019 1:28,3.59E+15,fraud_Grimes LLC,entertainment,7.06,Ashley,Robinson,F,1007 Colton Forks,Hopewell,VA,23860,37.2876,-77.295,31970,Purchasing manager,8/15/1935,d27fd7a3300953b0cb67d38e65c2f344,1325381302,37.426207,-76.502881,0
117,1/1/2019 1:28,4.61E+15,fraud_Rodriguez Group,gas_transport,61.71,Brenda,Perez,F,033 Tara Brook Suite 523,Coyle,OK,73027,35.8985,-97.2607,1493,Amenity horticulturist,3/21/1985,2b76f72055163acfeaa19f6c1f15314c,1325381304,36.694647,-97.517515,0
118,1/1/2019 1:30,4.23E+15,fraud_Bernhard Inc,gas_transport,45.77,Tyler,Mills,M,7838 Jason Squares,Elizabethtown,KY,42701,37.6848,-85.8784,48194,Surgeon,5/3/1990,949a6e32484f6a256a45bf09625165ff,1325381421,36.687137,-85.278013,0
119,1/1/2019 1:30,5.02E+11,fraud_Bernhard Inc,gas_transport,61,Sherry,Martinez,F,144 Yu Locks Apt. 754,Garrattsville,NY,13342,42.6315,-75.1866,165,Naval architect,9/20/1945,4162cf5479ea1c7fb0d55dfdb1df834c,1325381446,43.123814,-75.052169,0
120,1/1/2019 1:31,4.64E+12,fraud_Wuckert-Walter,grocery_net,38.7,Eddie,Mendez,M,1831 Faith View Suite 653,Clarinda,IA,51632,40.7491,-95.038,7297,IT trainer,7/13/1990,83afa07b375903bed0eef11840145895,1325381502,39.880088,-94.193907,0
121,1/1/2019 1:31,5.02E+11,fraud_Weber and Sons,food_dining,98.24,Melissa,Phillips,F,5069 Scott Pass Apt. 654,Meadville,MS,39653,31.4285,-90.8578,2799,"Therapist, horticultural",1/21/1961,6658882e9274e3d6fc3dffa5593b8ad6,1325381513,30.906565,-90.486622,0
122,1/1/2019 1:32,3.03E+13,"fraud_Herman, Treutel and Dickens",misc_net,3.66,Lisa,Lin,F,908 Brooks Brook,Lomax,IL,61454,40.6761,-91.0391,725,Environmental consultant,11/28/1972,895bfdf48e8c52d12f11b180712438fa,1325381548,40.7433,-90.088705,0
123,1/1/2019 1:32,4.68E+12,fraud_Halvorson Group,misc_pos,34.11,Daniel,Boyd,M,8925 Nicholas Points,Egan,LA,70531,30.251,-92.5002,1261,Broadcast presenter,7/1/1972,4afacee0a85f77dbd5b16fb0e29512ac,1325381551,30.474879,-91.588063,0
124,1/1/2019 1:32,3.57E+15,fraud_Rau and Sons,grocery_pos,134.66,Tanya,Williams,F,566 Megan Well,Brownville,NY,13615,44.0577,-76.0196,1271,"Producer, radio",8/14/1958,19853c021cb7ef4ffa32f76c16193a1b,1325381557,43.994486,-75.603839,0
125,1/1/2019 1:33,3.57E+15,fraud_Kutch-Hegmann,grocery_net,55.6,Thomas,Cross,M,7566 Thompson Creek Apt. 827,Elkhart,IA,50073,41.8114,-93.4855,1195,Trading standards officer,3/13/1974,a85f17caa74a4eb0acaff9bae866b1d9,1325381631,41.081282,-92.85909,0
126,1/1/2019 1:33,3.57E+15,fraud_Koss and Sons,gas_transport,58.79,Tanya,Williams,F,566 Megan Well,Brownville,NY,13615,44.0577,-76.0196,1271,"Producer, radio",8/14/1958,e464e694234a447e69ae2b3d4afb7804,1325381632,44.015435,-76.027125,0
127,1/1/2019 1:34,5.10E+15,fraud_Smitham-Schiller,grocery_net,57.43,Regina,Johnston,F,641 Steven Mall Apt. 299,Westhampton Beach,NY,11978,40.8295,-72.6473,3255,Financial trader,7/8/1978,7b8a169e6c95ced581a7f227f60803cf,1325381650,41.669034,-73.271605,0
128,1/1/2019 1:34,6.01E+15,fraud_Hudson-Ratke,grocery_pos,83.81,Valerie,Davis,F,3861 Anderson Ramp Apt. 536,Drakes Branch,VA,23937,36.9688,-78.5615,1970,Energy engineer,9/2/1985,4e00575ea0d37490f513525361b3cfd3,1325381665,36.822396,-78.452392,0
129,1/1/2019 1:34,3.51E+15,fraud_Hills-Olson,grocery_net,27.03,Randy,Murphy,M,0356 Sarah Light,Ballwin,MO,63021,38.577,-90.5255,92608,"Engineer, communications",7/26/2001,011f7fc2db063dc3f63219a76e052ace,1325381665,38.984909,-90.842219,0
130,1/1/2019 1:36,3.52E+15,fraud_Durgan-Auer,misc_net,23.8,Audrey,Gonzalez,F,34180 Lopez Plaza,Fields Landing,CA,95537,40.7268,-124.2174,276,"Scientist, audiological",5/6/1929,98fec127a1545ec4dad787e5326bd374,1325381766,40.110823,-124.429537,0
131,1/1/2019 1:36,6.76E+11,"fraud_Swaniawski, Lowe and Robel",shopping_pos,3.74,Ashley,Blanchard,F,292 Lowe Dam Suite 858,West Palm Beach,FL,33417,26.7197,-80.1248,459921,Historic buildings inspector/conservation officer,6/14/1960,870f6880d0de3956e68e8942126527ac,1325381808,26.192035,-80.032857,0
132,1/1/2019 1:36,3.64E+13,fraud_McDermott-Rice,misc_pos,9.07,Christopher,Raymond,M,766 Potter Well,West Chazy,NY,12992,44.797,-73.5112,4778,Engineering geologist,6/14/1954,fd55311b9dc5f80cb7d99cb861f9dcde,1325381814,44.070021,-73.688454,0
133,1/1/2019 1:37,3.54E+15,"fraud_Raynor, Reinger and Hagenes",gas_transport,64.72,Angela,White,F,137 Adam Dale,Lebanon,VA,24266,36.8809,-82.0956,9521,"Teacher, English as a foreign language",10/19/1977,395dc5bf20e1fd8cf0f0a5e51b816998,1325381826,36.265214,-81.891953,0
134,1/1/2019 1:37,6.01E+15,fraud_Pacocha-O'Reilly,grocery_pos,92.56,Ashley,Whitney,F,4038 Smith Avenue,Jones,AL,36749,32.5104,-86.8138,1089,Materials engineer,11/2/1971,9439af9f09040eac2c5f02dbdcc37a9f,1325381826,33.347838,-86.819795,0
135,1/1/2019 1:37,3.57E+15,fraud_DuBuque LLC,grocery_pos,113.19,Tanya,Williams,F,566 Megan Well,Brownville,NY,13615,44.0577,-76.0196,1271,"Producer, radio",8/14/1958,61aa9cb51f56910884272f434a55955c,1325381840,44.465636,-75.525258,0
136,1/1/2019 1:38,4.96E+18,fraud_Powlowski-Weimann,food_dining,187.27,Aaron,Pena,M,793 Hooper Tunnel Suite 154,Burke,VA,22015,38.7894,-77.2818,43102,Health visitor,11/27/1950,5476b80d8bdaa67fea1537b64eeb1f15,1325381911,38.301944,-76.507232,0
137,1/1/2019 1:39,3.57E+15,"fraud_Langosh, Wintheiser and Hyatt",food_dining,68.24,David,Thomas,M,838 Dan Haven Suite 003,Webster City,IA,50595,42.4657,-93.8262,9165,Medical secretary,5/23/1963,b3b9fb3557a216135aba6469b2edc761,1325381944,42.699989,-93.883915,0
138,1/1/2019 1:41,4.06E+15,"fraud_Baumbach, Hodkiewicz and Walsh",shopping_pos,636.41,Steven,Sanders,M,25955 Amy Via,Ozawkie,KS,66070,39.2136,-95.4404,2661,Theatre director,11/14/1948,25240538cb76fe0e9f55c3eb2c5e3bf9,1325382082,39.936995,-94.604311,0
139,1/1/2019 1:41,4.19E+12,fraud_Rempel Inc,shopping_net,500.92,Casey,Howell,F,374 Christopher Ramp Suite 855,Blackville,SC,29817,33.3645,-81.2718,4913,Technical brewer,11/10/1966,837eefecce8e6e71f5634b437a982d3d,1325382084,34.3281,-81.727628,0
140,1/1/2019 1:41,5.56E+15,fraud_Pacocha-Bauch,shopping_pos,2.1,Jack,Hill,M,5916 Susan Bridge Apt. 939,Grenada,CA,96038,41.6125,-122.5258,589,Systems analyst,12/21/1945,53fb041938a6e239a2e1679d27a7f9c2,1325382099,41.096733,-122.623454,0
141,1/1/2019 1:42,6.52E+15,fraud_Bins-Rice,gas_transport,69.54,Kevin,Pena,M,2674 Bentley Radial,Damascus,VA,24236,36.6403,-81.7776,3085,Land/geomatics surveyor,10/15/1990,9ea93e7b76291b4f4a718b4a6f36f8ed,1325382165,35.906566,-82.096532,0
142,1/1/2019 1:43,3.01E+13,fraud_Emard Inc,gas_transport,84.23,Kelsey,Richards,F,889 Sarah Station Suite 624,Holcomb,KS,67851,37.9931,-100.9893,2691,Arboriculturist,8/16/1993,482cd31997516a573938c06622dd29d4,1325382183,37.814677,-101.502441,0
143,1/1/2019 1:43,3.54E+15,fraud_Kutch and Sons,grocery_pos,117.77,Mark,Nguyen,M,62631 Ashley Ramp Apt. 965,Sea Island,GA,31561,31.1989,-81.3322,298,"Engineer, structural",4/22/1963,fc3e8d99c4edcba65fd3a900229220f4,1325382239,31.167024,-80.801294,0
144,1/1/2019 1:44,2.13E+14,fraud_Fisher Inc,shopping_net,5.61,Diane,Jackson,F,682 Mills Way Apt. 814,Rule,TX,79548,33.0771,-99.959,932,"Physicist, medical",12/10/1954,b799e535538924c4820e1960d99ee0f7,1325382292,32.715671,-100.074321,0
145,1/1/2019 1:44,3.67E+13,"fraud_Olson, Becker and Koch",gas_transport,71.74,Cesar,Smith,M,901 Ariel Points,Jefferson,NY,12093,42.4999,-74.6117,1666,Diagnostic radiographer,7/1/1968,91a6d1b53cde6964ec74f34d3f087579,1325382292,43.392165,-75.505542,0
146,1/1/2019 1:45,3.51E+15,fraud_Friesen-D'Amore,gas_transport,75.76,James,Cooper,M,663 Ramirez Trace Apt. 951,Huntsville,AL,35811,34.7789,-86.5438,190178,Television production assistant,4/1/1973,daa13862b3a74247a7ec2b9c91f57ac4,1325382321,33.816815,-86.429446,0
147,1/1/2019 1:46,6.01E+15,"fraud_Reilly, Heaney and Cole",gas_transport,83.1,Tammy,Ayers,F,1652 James Mews,Hinckley,OH,44233,41.2419,-81.7453,7646,Medical sales representative,9/15/1988,93717217656859083b507e32bdc6577b,1325382368,42.206551,-81.591845,0
148,1/1/2019 1:46,3.82E+13,fraud_Boyer PLC,misc_pos,32.82,Jesse,Roberts,M,8415 Vaughn Squares Apt. 788,Acworth,NH,3601,43.196,-72.3001,477,Naval architect,4/15/1988,a05deff7a60c8b5ef65f780ef5c09743,1325382400,42.348367,-72.689467,0
149,1/1/2019 1:47,2.13E+14,fraud_Cummings LLC,gas_transport,57.5,Melanie,Jimenez,F,77944 Daniels Valley Suite 921,Camden,NY,13316,43.3392,-75.7543,6460,Building control surveyor,9/27/1959,ffaa189d06b4978eb5398b669b02547b,1325382420,42.740793,-74.959902,0
150,1/1/2019 1:47,4.65E+15,"fraud_Adams, Kovacek and Kuhlman",grocery_net,53.87,Monica,Tucker,F,302 Christina Islands,Smiths Grove,KY,42171,37.0581,-86.1938,6841,"Therapist, sports",6/6/1999,47d1b0ee1ad5619a39708fec07275ae7,1325382429,36.784818,-86.369122,0
151,1/1/2019 1:49,3.74E+14,fraud_Luettgen PLC,gas_transport,47.1,Christopher,Gilbert,M,20937 Reed Lakes Apt. 271,Washington,DC,20012,38.9757,-77.0282,601723,"Optician, dispensing",7/20/1970,e58818f6b3f998f5c287bcf35259fed9,1325382546,38.863724,-77.122748,0
152,1/1/2019 1:49,3.01E+13,fraud_Boyer PLC,misc_pos,184.83,Kelsey,Richards,F,889 Sarah Station Suite 624,Holcomb,KS,67851,37.9931,-100.9893,2691,Arboriculturist,8/16/1993,39d3648622f26dc97a2df65d8b074b32,1325382575,37.392254,-101.332313,0
153,1/1/2019 1:49,3.58E+15,fraud_Cassin-Harvey,grocery_net,56.35,Crystal,Gamble,F,899 Michele View Suite 960,Philadelphia,PA,19149,40.0369,-75.0664,1526206,Structural engineer,1/1/1985,4f42c5730ad43d9b374109ff923b4c76,1325382577,39.220115,-74.711564,0
154,1/1/2019 1:50,3.54E+15,fraud_Funk Group,grocery_net,55.81,Jason,Singh,M,4720 Anna Ways,Murrayville,IL,62668,39.5723,-90.2379,1512,Commercial/residential surveyor,5/7/2003,6ba46336972d5dbe7a38ffb214d9803e,1325382626,39.575819,-90.149623,0
155,1/1/2019 1:50,3.52E+15,"fraud_Reilly, Heaney and Cole",gas_transport,67.91,Audrey,Gonzalez,F,34180 Lopez Plaza,Fields Landing,CA,95537,40.7268,-124.2174,276,"Scientist, audiological",5/6/1929,8e364131ffb75a95c9a04b304c9994e4,1325382631,41.137569,-123.63216,0
156,1/1/2019 1:53,3.48E+14,fraud_Luettgen PLC,gas_transport,75.82,Michael,Rowe,M,7428 Martinez Flats,Melbourne,FL,32935,28.1384,-80.6524,139650,Database administrator,1/23/1957,07ace7bae64a01639040a26599e27724,1325382820,28.802621,-80.313624,0
157,1/1/2019 1:54,4.68E+12,fraud_Goodwin-Nitzsche,grocery_pos,123.14,Daniel,Boyd,M,8925 Nicholas Points,Egan,LA,70531,30.251,-92.5002,1261,Broadcast presenter,7/1/1972,5cfc5255cf34ff3affe2f7c2319aa09a,1325382886,31.021036,-92.90296,0
158,1/1/2019 1:56,3.75E+14,fraud_Pacocha-Bauch,shopping_pos,8.34,Zachary,Boone,M,3703 Benson Wells,Palmyra,NY,14522,43.0622,-77.2218,9565,Exhibition designer,12/11/1927,8f839e739055218d8e7e468de7d5f111,1325383009,42.624988,-76.508987,0
159,1/1/2019 1:56,3.04E+13,"fraud_Parisian, Schiller and Altenwerth",misc_net,14.03,Linda,Sanchez,F,6574 William Hill Apt. 375,Jermyn,PA,18433,41.5744,-75.5881,6508,Training and development officer,6/22/1981,c5b45db3f9af5c8f13573906e7dafcdc,1325383011,40.868184,-76.283066,0
160,1/1/2019 1:58,2.13E+14,fraud_Metz-Boehm,shopping_pos,1.46,Steven,Arnold,M,079 Chelsea Rest,Belfast,NY,14711,42.32,-78.0943,1766,Mechanical engineer,6/4/1962,abf8bf5819e8d74e53f7241da9e3714b,1325383100,42.817788,-77.470532,0
161,1/1/2019 1:59,4.65E+18,"fraud_Monahan, Bogisich and Ledner",misc_pos,10.26,Julia,Bell,F,576 House Crossroad,West Sayville,NY,11796,40.732,-73.1,4056,Film/video editor,6/25/1990,343e889c6eb9e38d1fe0a557247fc26d,1325383163,40.711398,-73.523504,0
162,1/1/2019 2:00,2.23E+15,fraud_Koelpin and Sons,misc_net,3.67,Jamie,Robinson,F,67089 Caitlin Meadow Apt. 905,Sturgis,MS,39769,33.357,-89.0473,1923,Medical physicist,1/16/1960,a28c5d7c17b0355649ae04a17d32d335,1325383205,33.663412,-89.613292,0
163,1/1/2019 2:00,4.62E+12,fraud_Kuhic LLC,shopping_net,8.95,Vincent,Waller,M,9379 Vanessa Run Apt. 400,Lohrville,IA,51453,42.2619,-94.5566,695,Administrator,7/15/1954,056cc4326ddd0af0d9341dc101dc4b5f,1325383211,42.658626,-94.486224,0
164,1/1/2019 2:00,3.75E+14,fraud_Koepp-Parker,grocery_pos,51.6,David,Lewis,M,1499 Michael Rue,Arlington,VA,22213,38.8954,-77.1633,207410,Mudlogger,7/3/1984,76f52c6f0f35f6e2a4335e4f1b115339,1325383243,38.197108,-77.644807,0
165,1/1/2019 2:01,5.00E+15,fraud_DuBuque LLC,grocery_pos,204.72,Stephanie,Taylor,F,598 Martin Pine Suite 365,Saint Paul,MN,55128,44.9913,-92.9487,753116,Fisheries officer,8/6/1971,6678b8bfd6c52a40aa0f126bbc881557,1325383267,44.156171,-92.805728,0
166,1/1/2019 2:01,3.69E+13,"fraud_Stehr, Jewess and Schimmel",misc_net,4.47,Kimberly,Webb,F,380 Martin Mission,Girard,GA,30426,33.0437,-81.7106,1100,"Conservator, museum/gallery",4/5/1950,745ed604f0a65fa57549202c92b05db9,1325383296,32.826449,-82.000131,0
167,1/1/2019 2:01,4.54E+12,"fraud_Quitzon, Green and Bashirian",shopping_pos,4.08,Jerry,Kelly,M,3539 Mckenzie Stream,Fairview,NJ,7022,40.817,-74,13835,"Programmer, multimedia",5/28/1967,7d57fc04294a420edd54fd74f22abbcb,1325383311,40.148746,-74.840312,0
168,1/1/2019 2:02,3.51E+15,"fraud_Nicolas, Hills and McGlynn",entertainment,145.75,Steven,Faulkner,M,841 Cheryl Centers Suite 115,Farmington,NY,14425,42.958,-77.3083,10717,Cytogeneticist,10/13/1952,debedd2588067ec99d29d26c343d90b6,1325383324,42.446162,-78.048599,0
169,1/1/2019 2:02,4.09E+18,fraud_Rodriguez Group,gas_transport,56.34,Debra,Stark,F,686 Linda Rest,Kilgore,TX,75662,32.3836,-94.8653,24536,Multimedia programmer,10/14/1983,7d1d42e16e58589910edff6b4c48b88b,1325383343,32.044628,-94.761666,0
170,1/1/2019 2:02,4.41E+18,fraud_Leannon-Ward,food_dining,31.8,David,Cole,M,7955 Allen Orchard Apt. 336,Springfield,GA,31329,32.3697,-81.3618,9034,"Therapist, occupational",3/2/1969,2e38af6a2565dc98b17aca30c78f9796,1325383373,31.648009,-80.602973,0
171,1/1/2019 2:03,3.58E+15,fraud_Friesen-Stamm,gas_transport,63.39,Cody,Hooper,M,7233 John Parks,Lepanto,AR,72354,35.6069,-90.3359,2470,Counselling psychologist,10/6/1968,6c6ea044f3bf8b9b938cc973e4db1de5,1325383428,34.798873,-89.494405,0
172,1/1/2019 2:04,3.56E+15,fraud_Botsford Ltd,shopping_pos,8.29,Teresa,Blankenship,F,6638 Lucero Mill Suite 952,Karnack,TX,75661,32.6205,-94.2,2807,Chiropodist,1/26/1931,232a0c3c1e713a6af2996a897705af02,1325383481,33.193514,-93.437407,0
173,1/1/2019 2:06,2.32E+15,fraud_Bradtke PLC,grocery_pos,78.13,William,Martinez,M,0207 Griffith Plains Apt. 544,Louisiana,MO,63353,39.4336,-91.0664,4593,"Teacher, early years/pre",11/11/1940,e46a01d459665d3466b3a2148eb80f4e,1325383616,40.247129,-91.699005,0
174,1/1/2019 2:08,5.00E+15,"fraud_Zieme, Bode and Dooley",gas_transport,52.67,Mary,Pruitt,F,2819 Luke Greens Suite 563,Kansas City,MO,64114,38.9621,-94.5959,545147,Counsellor,11/18/1987,29768857d3597be571bce4497a48c735,1325383693,39.662816,-93.712244,0
175,1/1/2019 2:08,4.08E+12,fraud_Hills-Witting,shopping_net,2.11,Eric,Preston,M,7020 Doyle Stream Apt. 951,Mesa,ID,83643,44.6255,-116.4493,129,Cartographer,12/15/1965,3749d51cb61d34bcaae08fcbee53fceb,1325383728,44.710102,-117.229968,0
176,1/1/2019 2:10,4.74E+15,fraud_Brown-Greenholt,entertainment,5.27,Heather,Hines,F,13776 Hicks Plains,Pomona,NY,10970,41.1901,-74.0436,9993,Pensions consultant,10/16/1962,9f55bd65f64193f1b1a46a99c93e7844,1325383812,41.788775,-74.471154,0
177,1/1/2019 2:12,4.98E+15,"fraud_Bernhard, Grant and Langworth",shopping_pos,1.42,Kelly,Zimmerman,F,1893 Katie Tunnel,Westerville,NE,68881,41.4193,-99.3844,73,Product designer,2/10/1935,0020b02e5638ee80c7176007e1b483fa,1325383927,40.790587,-99.011834,0
178,1/1/2019 2:12,6.01E+15,fraud_Lockman Ltd,grocery_pos,104.08,Robert,Long,M,529 Joshua Knoll Apt. 511,Lonetree,WY,82936,41.0552,-110.1603,49,Research scientist (physical sciences),7/5/1981,991f851c15545feaa5c0c90e264a66a3,1325383968,41.677942,-110.829354,0
179,1/1/2019 2:12,4.12E+15,fraud_Metz-Boehm,shopping_pos,9.63,Bridget,Bowen,F,49120 Regina Island Apt. 170,Port Saint Lucie,FL,34953,27.2625,-80.3793,181438,Primary school teacher,3/19/1934,488b38b0478a9e1e80f7aafe1dfd67d2,1325383972,26.456712,-79.744921,0
180,1/1/2019 2:13,3.58E+15,fraud_Harber Inc,gas_transport,39.98,Lindsay,Wilson,F,7618 Gonzales Mission,Centerview,MO,64019,38.7897,-93.8702,2368,Electronics engineer,7/17/1989,f8ab97ed82e0669c50d3d8a60baf9c64,1325383996,38.995701,-93.569356,0
181,1/1/2019 2:14,4.56E+18,fraud_Bauch-Raynor,grocery_pos,192.82,Stacy,Villegas,F,20581 Pena Walks,Colorado Springs,CO,80951,38.8881,-104.6556,525713,Museum/gallery exhibitions officer,5/9/1992,3dcdb9b61cc3770b9c8b78818173e6d6,1325384043,39.299824,-103.854765,0
182,1/1/2019 2:14,4.39E+12,"fraud_Wiza, Schaden and Stark",misc_pos,34.76,Charles,Rodriguez,M,240 Tracy Forges,Easton,KS,66020,39.3391,-95.0999,1442,Air broker,5/20/1982,e6e3f462abfffdf22115360310622e20,1325384081,38.78936,-95.405907,0
183,1/1/2019 2:16,4.49E+18,fraud_Buckridge PLC,misc_pos,9.5,Jessica,Shaw,F,5745 Blair Locks,West Columbia,SC,29170,33.9568,-81.1405,52126,Chemical engineer,8/23/1929,a4d5b259f2a78599f3100611bc4b32ce,1325384207,34.099428,-81.916669,0
184,1/1/2019 2:16,3.01E+13,fraud_Lockman Ltd,grocery_pos,182.1,Jessica,Terry,F,6412 Elizabeth Gardens Suite 633,Maysville,KY,41056,38.6207,-83.8067,14228,Advertising account executive,3/26/1971,f83ceecffe486ed53cec38744c188160,1325384207,39.499829,-83.26249,0
185,1/1/2019 2:17,4.20E+12,fraud_Kilback LLC,grocery_pos,78.43,Christie,Williamson,F,519 Jerry Views,Avoca,IA,51521,41.4768,-95.3509,2036,Engineering geologist,8/20/1971,ec53af6138de6c125184ba6f4411b73d,1325384266,42.465418,-95.211895,0
186,1/1/2019 2:20,4.30E+15,fraud_Spinka Inc,grocery_net,76.37,David,Rodriguez,M,821 Solis Points,Muskegon,MI,49440,43.2326,-86.2492,128715,Historic buildings inspector/conservation officer,5/25/1995,dacfc89918edf60c4c4dae339fffb1b0,1325384432,44.036016,-86.754147,0
187,1/1/2019 2:20,4.68E+15,"fraud_Kerluke, Kertzmann and Wiza",misc_net,6.37,Charles,Carrillo,M,17547 Stephen Turnpike Apt. 846,Hawthorne,CA,90250,33.9143,-118.3493,93193,"Editor, magazine features",4/19/1995,bcff0b6c116a2ed80b212aa3acb07195,1325384448,34.108257,-117.549012,0
188,1/1/2019 2:20,3.53E+15,"fraud_Ferry, Reichel and DuBuque",grocery_net,28.37,Robert,Haynes,M,857 Aaron Circles Suite 398,Johns Island,SC,29455,32.8357,-79.8217,20478,Materials engineer,6/4/1997,34643d5a43acea936ebfab68d53e1a89,1325384456,33.791152,-80.788125,0
189,1/1/2019 2:21,4.97E+15,fraud_Price Inc,shopping_net,5.82,Jacqueline,Prince,F,27823 Andrew Underpass Suite 948,Metairie,LA,70003,29.9975,-90.2146,137067,Advertising account planner,12/4/1951,f951e7d867154de4b5fb8934690359ac,1325384464,29.471413,-91.074361,0
190,1/1/2019 2:21,3.03E+13,"fraud_Johnston, Nikolaus and Maggio",grocery_net,41.01,Christine,Johnson,F,8011 Chapman Tunnel Apt. 568,Blairsden-Graeagle,CA,96103,39.8127,-120.6405,1725,Chartered legal executive (England and Wales),5/27/1967,ff342d2dad68412cbc24eb27b2370291,1325384503,39.949197,-119.792299,0
191,1/1/2019 2:22,3.54E+15,fraud_Harber Inc,gas_transport,70.56,Brianna,Wilson,F,257 Victor Stravenue,Hampton,VA,23666,37.0462,-76.4096,136895,Accounting technician,9/19/1939,ca10b1a1bc7efc32e2840b84d0ae8183,1325384551,37.005252,-76.395765,0
192,1/1/2019 2:22,4.76E+18,fraud_Berge LLC,gas_transport,57.64,Diana,Jacobs,F,69608 Perez Mountain Apt. 006,Viola,AR,72583,36.3924,-91.9932,1679,Psychiatric nurse,5/2/1986,c304a7ed05ab1267dabed3a82c367234,1325384566,36.502461,-92.210445,0
193,1/1/2019 2:22,4.24E+15,fraud_Conroy-Cruickshank,gas_transport,119.47,Carl,Hernandez,M,9134 Darryl Flat Suite 916,Paulding,OH,45879,41.141,-84.5722,6284,Secondary school teacher,3/27/1936,876d3955190af400d69a01a79a7dbceb,1325384574,41.746779,-84.601964,0
194,1/1/2019 2:23,6.52E+15,fraud_Rau and Sons,grocery_pos,117.29,James,Reese,M,26975 Richardson Mills Apt. 402,Sontag,MS,39665,31.6453,-90.1801,1196,"Librarian, academic",6/11/1958,1f24070c1ab4fcdabfc8c96be5906527,1325384617,32.035674,-89.835532,0
195,1/1/2019 2:23,3.56E+15,fraud_Abshire PLC,entertainment,65.05,Christopher,White,M,13613 Hammond Ferry,Clutier,IA,52217,42.0789,-92.3763,590,"Embryologist, clinical",3/30/1953,df1f46cb63a40e84702de8c3b0c8f66f,1325384621,41.388862,-91.844621,0
196,1/1/2019 2:26,4.36E+15,fraud_Huels-Hahn,gas_transport,61.99,Gary,Martinez,M,03512 Jackson Ports,Reno,NV,89512,39.5483,-119.7957,276896,Immunologist,3/12/1997,56bf02cc990fffa7866794be63472528,1325384774,38.573952,-120.084189,0
197,1/1/2019 2:26,4.33E+15,fraud_Torp-Labadie,gas_transport,49.53,Scott,Martin,M,7483 Navarro Flats,Freedom,WY,83120,43.0172,-111.0292,471,"Education officer, museum",8/2/1967,c09831d3ebf12b67982f193d03162974,1325384776,43.038723,-111.821595,0
198,1/1/2019 2:27,4.47E+18,fraud_Funk Group,grocery_net,54.47,Gregory,Graham,M,4005 Dana Glens,Methuen,MA,1844,42.728,-71.181,47249,Market researcher,11/22/1980,380323300d81e3748e91db03d95cc3fa,1325384878,42.114749,-70.460861,0
199,1/1/2019 2:28,4.83E+15,fraud_Gleason-Macejkovic,shopping_net,6.05,Tami,Forbes,F,5204 Robinson Plaza Suite 897,Barnstable,MA,2630,41.6983,-70.3001,1850,Counselling psychologist,12/29/1963,330336fda32a449755233ac8a862378d,1325384904,41.767862,-69.37527,0
200,1/1/2019 2:28,3.60E+15,fraud_Doyle Ltd,grocery_pos,157.07,Jeffery,Sanders,M,5278 Sarah Station Apt. 009,Cardwell,MO,63829,36.0434,-90.2907,1120,Television floor manager,4/17/1957,2718171b5be46962b081ee742ed3cd42,1325384931,35.632995,-89.589641,0
201,1/1/2019 2:29,4.75E+12,"fraud_Schaefer, Maggio and Daugherty",gas_transport,59.19,Carrie,Washington,F,6114 Adams Harbor Suite 096,Kingsford Heights,IN,46346,41.4802,-86.6919,1423,"Psychologist, forensic",10/7/1998,13aaac951dec03bdf13038aeeb0e261e,1325384965,41.537215,-86.095249,0
202,1/1/2019 2:31,5.00E+15,fraud_McDermott-Rice,misc_pos,13.67,Mary,Pruitt,F,2819 Luke Greens Suite 563,Kansas City,MO,64114,38.9621,-94.5959,545147,Counsellor,11/18/1987,49b8ff92b52599bc8c265d0b8d008593,1325385066,38.058492,-94.687196,0
203,1/1/2019 2:32,3.58E+15,fraud_Spinka Inc,grocery_net,57.57,Jessica,Ward,F,72269 Elizabeth Field Apt. 132,Phoenix,AZ,85020,33.5623,-112.0559,1312922,Contractor,10/24/1981,0bffbd021d632206028c981630007c12,1325385146,32.635757,-112.195886,0
204,1/1/2019 2:33,3.57E+15,fraud_McGlynn-Jaskolski,misc_pos,99.08,Kristina,Stewart,F,47029 Jimmy Tunnel Apt. 106,Newhall,CA,91321,34.3795,-118.523,34882,Health physicist,4/25/1971,56821cb1d8c2c3d57299cc01bfd2e071,1325385186,34.370236,-118.195791,0
205,1/1/2019 2:33,3.60E+15,fraud_Bartoletti-Wunsch,gas_transport,72.67,Kenneth,Richards,M,994 Livingston Extensions Suite 918,Norwalk,OH,44857,41.2403,-82.6078,23805,Copy,2/22/1970,53c88bde168d91f16e7f0c1752def3a6,1325385225,41.854275,-83.229002,0
206,1/1/2019 2:34,3.76E+14,fraud_Padberg-Welch,grocery_pos,103.77,Tyler,Garcia,M,408 Bradley Rest,Doe Hill,VA,24433,38.4207,-79.4629,99,Dance movement psychotherapist,3/28/1986,868404210f9f96063a4cb46e6cf1494d,1325385272,38.042866,-78.649562,0
207,1/1/2019 2:34,4.99E+18,fraud_Cole PLC,grocery_pos,123.35,Benjamin,Kim,M,920 Patrick Light,Mc Nabb,IL,61335,41.173,-89.2187,532,Audiological scientist,1/9/1956,b5b69da1242af7323956dd907a8eb79c,1325385294,40.513402,-89.784304,0
89772,7/21/2020 23:03,4.7973E+18,fraud_Beer-Jast,kids_pets,22.02,Erica,Briggs,F,3310 Davidson Spurs Apt. 107,Oolitic,IN,47451,38.8938,-86.5246,1228,Counsellor,3/13/1991,35cd8447417ccf8d5938c04cf5eabd34,1374447827,38.596484,-86.172363,1
89798,7/21/2020 23:09,4.7973E+18,"fraud_Cole, Hills and Jewess",home,262.82,Erica,Briggs,F,3310 Davidson Spurs Apt. 107,Oolitic,IN,47451,38.8938,-86.5246,1228,Counsellor,3/13/1991,47a17730149a907b1175bda0119f64e0,1374448188,38.602859,-86.306075,1
89849,7/21/2020 23:27,4.7973E+18,fraud_Lynch-Wisozk,home,230.51,Erica,Briggs,F,3310 Davidson Spurs Apt. 107,Oolitic,IN,47451,38.8938,-86.5246,1228,Counsellor,3/13/1991,18f87d6957dd75e64e9f100059325bcb,1374449260,39.762481,-85.862616,1
